year,month,v1,v2
1850,1,-0.702,0.257
1850,2,-0.281,0.678
1850,3,-0.732,0.227
1850,4,-0.569,0.39
1850,5,-0.326,0.633
1850,6,-0.212,0.747
1850,7,-0.128,0.831
1850,8,-0.232,0.727
1850,9,-0.435,0.524
1850,10,-0.452,0.507
1850,11,-0.189,0.77
1850,12,-0.267,0.692
1851,1,-0.299,0.66
1851,2,-0.358,0.601
1851,3,-0.482,0.477
1851,4,-0.444,0.515
1851,5,-0.3,0.659
1851,6,-0.188,0.771
1851,7,-0.213,0.746
1851,8,-0.152,0.807
1851,9,-0.105,0.854
1851,10,-0.06,0.899
1851,11,-0.027,0.932
1851,12,-0.064,0.895
1852,1,-0.307,0.652
1852,2,-0.476,0.483
1852,3,-0.505,0.454
1852,4,-0.558,0.401
1852,5,-0.207,0.752
1852,6,-0.037,0.922
1852,7,-0.015,0.944
1852,8,-0.194,0.765
1852,9,-0.124,0.835
1852,10,-0.216,0.743
1852,11,-0.186,0.773
1852,12,0.085,1.044
1853,1,-0.174,0.785
1853,2,-0.326,0.633
1853,3,-0.313,0.646
1853,4,-0.352,0.607
1853,5,-0.267,0.692
1853,6,-0.176,0.783
1853,7,-0.057,0.902
1853,8,-0.146,0.813
1853,9,-0.405,0.554
1853,10,-0.36,0.599
1853,11,-0.257,0.702
1853,12,-0.444,0.515
1854,1,-0.373,0.586
1854,2,-0.288,0.671
1854,3,-0.291,0.668
1854,4,-0.348,0.611
1854,5,-0.233,0.726
1854,6,-0.216,0.743
1854,7,-0.231,0.728
1854,8,-0.169,0.79
1854,9,-0.121,0.838
1854,10,-0.191,0.768
1854,11,-0.372,0.587
1854,12,-0.235,0.724
1855,1,-0.176,0.783
1855,2,-0.4,0.559
1855,3,-0.303,0.656
1855,4,-0.221,0.738
1855,5,-0.337,0.622
1855,6,-0.163,0.796
1855,7,-0.269,0.69
1855,8,-0.162,0.797
1855,9,-0.343,0.616
1855,10,-0.211,0.748
1855,11,-0.217,0.742
1855,12,-0.513,0.446
1856,1,-0.107,0.852
1856,2,-0.369,0.59
1856,3,-0.508,0.451
1856,4,-0.378,0.581
1856,5,-0.119,0.84
1856,6,-0.289,0.67
1856,7,-0.298,0.661
1856,8,-0.305,0.654
1856,9,-0.457,0.502
1856,10,-0.392,0.567
1856,11,-0.608,0.351
1856,12,-0.445,0.514
1857,1,-0.506,0.453
1857,2,-0.36,0.599
1857,3,-0.43,0.529
1857,4,-0.636,0.323
1857,5,-0.565,0.394
1857,6,-0.311,0.648
1857,7,-0.538,0.421
1857,8,-0.326,0.633
1857,9,-0.394,0.565
1857,10,-0.464,0.495
1857,11,-0.666,0.293
1857,12,-0.367,0.592
1858,1,-0.531,0.428
1858,2,-0.709,0.25
1858,3,-0.553,0.406
1858,4,-0.516,0.443
1858,5,-0.655,0.304
1858,6,-0.579,0.38
1858,7,-0.323,0.636
1858,8,-0.281,0.678
1858,9,-0.339,0.62
1858,10,-0.204,0.755
1858,11,-0.645,0.314
1858,12,-0.304,0.655
1859,1,-0.311,0.648
1859,2,-0.195,0.764
1859,3,-0.336,0.623
1859,4,-0.2,0.759
1859,5,-0.312,0.647
1859,6,-0.249,0.71
1859,7,-0.283,0.676
1859,8,-0.099,0.86
1859,9,-0.574,0.385
1859,10,-0.256,0.703
1859,11,-0.324,0.635
1859,12,-0.358,0.601
1860,1,-0.195,0.764
1860,2,-0.431,0.528
1860,3,-0.649,0.31
1860,4,-0.345,0.614
1860,5,-0.3,0.659
1860,6,-0.308,0.651
1860,7,-0.115,0.844
1860,8,-0.193,0.766
1860,9,-0.224,0.735
1860,10,-0.197,0.762
1860,11,-0.508,0.451
1860,12,-0.753,0.206
1861,1,-0.9,0.059
1861,2,-0.526,0.433
1861,3,-0.468,0.491
1861,4,-0.4,0.559
1861,5,-0.768,0.191
1861,6,-0.187,0.772
1861,7,-0.212,0.747
1861,8,-0.099,0.86
1861,9,-0.335,0.624
1861,10,-0.357,0.602
1861,11,-0.426,0.533
1861,12,-0.268,0.691
1862,1,-0.753,0.206
1862,2,-0.785,0.174
1862,3,-0.404,0.555
1862,4,-0.247,0.712
1862,5,-0.233,0.726
1862,6,-0.341,0.618
1862,7,-0.34,0.619
1862,8,-0.699,0.26
1862,9,-0.418,0.541
1862,10,-0.426,0.533
1862,11,-0.765,0.194
1862,12,-0.894,0.065
1863,1,0.128,1.087
1863,2,-0.029,0.93
1863,3,-0.367,0.592
1863,4,-0.241,0.718
1863,5,-0.322,0.637
1863,6,-0.403,0.556
1863,7,-0.422,0.537
1863,8,-0.316,0.643
1863,9,-0.324,0.635
1863,10,-0.385,0.574
1863,11,-0.333,0.626
1863,12,-0.348,0.611
1864,1,-0.938,0.021
1864,2,-0.636,0.323
1864,3,-0.502,0.457
1864,4,-0.551,0.408
1864,5,-0.454,0.505
1864,6,-0.165,0.794
1864,7,-0.15,0.809
1864,8,-0.309,0.65
1864,9,-0.448,0.511
1864,10,-0.705,0.254
1864,11,-0.472,0.487
1864,12,-0.615,0.344
1865,1,-0.099,0.86
1865,2,-0.611,0.348
1865,3,-0.643,0.316
1865,4,-0.229,0.73
1865,5,-0.264,0.695
1865,6,-0.279,0.68
1865,7,-0.13,0.829
1865,8,-0.208,0.751
1865,9,-0.079,0.88
1865,10,-0.265,0.694
1865,11,-0.194,0.765
1865,12,-0.342,0.617
1866,1,0.037,0.996
1866,2,-0.215,0.744
1866,3,-0.593,0.366
1866,4,-0.264,0.695
1866,5,-0.532,0.427
1866,6,0.103,1.062
1866,7,0.028,0.987
1866,8,-0.269,0.69
1866,9,-0.235,0.724
1866,10,-0.425,0.534
1866,11,-0.312,0.647
1866,12,-0.34,0.619
1867,1,-0.32,0.639
1867,2,0.009,0.968
1867,3,-0.717,0.242
1867,4,-0.258,0.701
1867,5,-0.546,0.413
1867,6,-0.294,0.665
1867,7,-0.239,0.72
1867,8,-0.232,0.727
1867,9,-0.101,0.858
1867,10,-0.185,0.774
1867,11,-0.313,0.646
1867,12,-0.637,0.322
1868,1,-0.703,0.256
1868,2,-0.466,0.493
1868,3,-0.076,0.883
1868,4,-0.378,0.581
1868,5,-0.073,0.886
1868,6,-0.18,0.779
1868,7,0.147,1.106
1868,8,-0.034,0.925
1868,9,-0.199,0.76
1868,10,-0.236,0.723
1868,11,-0.504,0.455
1868,12,-0.124,0.835
1869,1,-0.266,0.693
1869,2,0.268,1.227
1869,3,-0.589,0.37
1869,4,-0.23,0.729
1869,5,-0.279,0.68
1869,6,-0.375,0.584
1869,7,-0.294,0.665
1869,8,-0.078,0.881
1869,9,-0.193,0.766
1869,10,-0.428,0.531
1869,11,-0.381,0.578
1869,12,-0.359,0.6
1870,1,-0.083,0.876
1870,2,-0.453,0.506
1870,3,-0.405,0.554
1870,4,-0.212,0.747
1870,5,-0.167,0.792
1870,6,-0.215,0.744
1870,7,0.015,0.974
1870,8,-0.261,0.698
1870,9,-0.265,0.694
1870,10,-0.401,0.558
1870,11,-0.169,0.79
1870,12,-0.725,0.234
1871,1,-0.532,0.427
1871,2,-0.547,0.412
1871,3,0.014,0.973
1871,4,-0.145,0.814
1871,5,-0.314,0.645
1871,6,-0.222,0.737
1871,7,-0.012,0.947
1871,8,-0.221,0.738
1871,9,-0.456,0.503
1871,10,-0.482,0.477
1871,11,-0.538,0.421
1871,12,-0.563,0.396
1872,1,-0.308,0.651
1872,2,-0.403,0.556
1872,3,-0.475,0.484
1872,4,-0.154,0.805
1872,5,-0.045,0.914
1872,6,-0.211,0.748
1872,7,-0.117,0.842
1872,8,-0.027,0.932
1872,9,-0.131,0.828
1872,10,-0.228,0.731
1872,11,-0.249,0.71
1872,12,-0.43,0.529
1873,1,-0.017,0.942
1873,2,-0.344,0.615
1873,3,-0.276,0.683
1873,4,-0.523,0.436
1873,5,-0.413,0.546
1873,6,-0.259,0.7
1873,7,-0.152,0.807
1873,8,-0.163,0.796
1873,9,-0.359,0.6
1873,10,-0.405,0.554
1873,11,-0.467,0.492
1873,12,-0.276,0.683
1874,1,0.056,1.015
1874,2,-0.44,0.519
1874,3,-0.564,0.395
1874,4,-0.513,0.446
1874,5,-0.471,0.488
1874,6,-0.462,0.497
1874,7,-0.177,0.782
1874,8,-0.371,0.588
1874,9,-0.214,0.745
1874,10,-0.435,0.524
1874,11,-0.506,0.453
1874,12,-0.408,0.551
1875,1,-0.578,0.381
1875,2,-0.614,0.345
1875,3,-0.599,0.36
1875,4,-0.467,0.492
1875,5,-0.176,0.783
1875,6,-0.236,0.723
1875,7,-0.305,0.654
1875,8,-0.18,0.779
1875,9,-0.272,0.687
1875,10,-0.369,0.59
1875,11,-0.499,0.46
1875,12,-0.497,0.462
1876,1,-0.312,0.647
1876,2,-0.269,0.69
1876,3,-0.385,0.574
1876,4,-0.299,0.66
1876,5,-0.532,0.427
1876,6,-0.284,0.675
1876,7,-0.135,0.824
1876,8,-0.244,0.715
1876,9,-0.436,0.523
1876,10,-0.387,0.572
1876,11,-0.581,0.378
1876,12,-0.713,0.246
1877,1,-0.327,0.632
1877,2,0.058,1.017
1877,3,-0.291,0.668
1877,4,-0.325,0.634
1877,5,-0.452,0.507
1877,6,-0.092,0.867
1877,7,0.012,0.971
1877,8,0.148,1.107
1877,9,0.029,0.988
1877,10,0.058,1.017
1877,11,0.101,1.06
1877,12,0.174,1.133
1878,1,0.177,1.136
1878,2,0.411,1.37
1878,3,0.345,1.304
1878,4,0.32,1.279
1878,5,-0.082,0.877
1878,6,0.017,0.976
1878,7,-0.049,0.91
1878,8,-0.025,0.934
1878,9,0.012,0.971
1878,10,-0.123,0.836
1878,11,-0.204,0.755
1878,12,-0.362,0.597
1879,1,-0.197,0.762
1879,2,-0.15,0.809
1879,3,-0.097,0.862
1879,4,-0.216,0.743
1879,5,-0.213,0.746
1879,6,-0.27,0.689
1879,7,-0.232,0.727
1879,8,-0.167,0.792
1879,9,-0.216,0.743
1879,10,-0.123,0.836
1879,11,-0.388,0.571
1879,12,-0.514,0.445
1880,1,-0.067,0.892
1880,2,-0.174,0.785
1880,3,-0.107,0.852
1880,4,-0.151,0.808
1880,5,-0.245,0.714
1880,6,-0.312,0.647
1880,7,-0.25,0.709
1880,8,-0.115,0.844
1880,9,-0.234,0.725
1880,10,-0.386,0.573
1880,11,-0.4,0.559
1880,12,-0.294,0.665
1881,1,-0.36,0.599
1881,2,-0.239,0.72
1881,3,-0.19,0.769
1881,4,-0.135,0.824
1881,5,-0.034,0.925
1881,6,-0.232,0.727
1881,7,-0.152,0.807
1881,8,-0.128,0.831
1881,9,-0.247,0.712
1881,10,-0.285,0.674
1881,11,-0.34,0.619
1881,12,-0.138,0.821
1882,1,0.117,1.076
1882,2,-0.006,0.953
1882,3,-0.054,0.905
1882,4,-0.284,0.675
1882,5,-0.374,0.585
1882,6,-0.32,0.639
1882,7,-0.185,0.774
1882,8,-0.22,0.739
1882,9,-0.159,0.8
1882,10,-0.336,0.623
1882,11,-0.312,0.647
1882,12,-0.464,0.495
1883,1,-0.411,0.548
1883,2,-0.325,0.634
1883,3,-0.349,0.61
1883,4,-0.393,0.566
1883,5,-0.256,0.703
1883,6,-0.125,0.834
1883,7,-0.196,0.763
1883,8,-0.211,0.748
1883,9,-0.28,0.679
1883,10,-0.382,0.577
1883,11,-0.305,0.654
1883,12,-0.328,0.631
1884,1,-0.416,0.543
1884,2,-0.221,0.738
1884,3,-0.462,0.497
1884,4,-0.531,0.428
1884,5,-0.396,0.563
1884,6,-0.414,0.545
1884,7,-0.425,0.534
1884,8,-0.412,0.547
1884,9,-0.345,0.614
1884,10,-0.328,0.631
1884,11,-0.565,0.394
1884,12,-0.415,0.544
1885,1,-0.507,0.452
1885,2,-0.411,0.548
1885,3,-0.483,0.476
1885,4,-0.472,0.487
1885,5,-0.52,0.439
1885,6,-0.488,0.471
1885,7,-0.313,0.646
1885,8,-0.51,0.449
1885,9,-0.333,0.626
1885,10,-0.246,0.713
1885,11,-0.261,0.698
1885,12,-0.153,0.806
1886,1,-0.398,0.561
1886,2,-0.455,0.504
1886,3,-0.411,0.548
1886,4,-0.335,0.624
1886,5,-0.191,0.768
1886,6,-0.385,0.574
1886,7,-0.284,0.675
1886,8,-0.338,0.621
1886,9,-0.432,0.527
1886,10,-0.361,0.598
1886,11,-0.421,0.538
1886,12,-0.427,0.532
1887,1,-0.568,0.391
1887,2,-0.556,0.403
1887,3,-0.462,0.497
1887,4,-0.44,0.519
1887,5,-0.356,0.603
1887,6,-0.409,0.55
1887,7,-0.27,0.689
1887,8,-0.368,0.591
1887,9,-0.345,0.614
1887,10,-0.506,0.453
1887,11,-0.409,0.55
1887,12,-0.398,0.561
1888,1,-0.603,0.356
1888,2,-0.455,0.504
1888,3,-0.543,0.416
1888,4,-0.245,0.714
1888,5,-0.349,0.61
1888,6,-0.292,0.667
1888,7,-0.308,0.651
1888,8,-0.283,0.676
1888,9,-0.218,0.741
1888,10,-0.108,0.851
1888,11,-0.189,0.77
1888,12,-0.171,0.788
1889,1,-0.055,0.904
1889,2,-0.097,0.862
1889,3,-0.069,0.89
1889,4,0.008,0.967
1889,5,-0.083,0.876
1889,6,-0.146,0.813
1889,7,-0.196,0.763
1889,8,-0.223,0.736
1889,9,-0.382,0.577
1889,10,-0.299,0.66
1889,11,-0.4,0.559
1889,12,-0.175,0.784
1890,1,-0.323,0.636
1890,2,-0.359,0.6
1890,3,-0.458,0.501
1890,4,-0.32,0.639
1890,5,-0.42,0.539
1890,6,-0.378,0.581
1890,7,-0.411,0.548
1890,8,-0.419,0.54
1890,9,-0.478,0.481
1890,10,-0.506,0.453
1890,11,-0.562,0.397
1890,12,-0.402,0.557
1891,1,-0.507,0.452
1891,2,-0.465,0.494
1891,3,-0.369,0.59
1891,4,-0.36,0.599
1891,5,-0.202,0.757
1891,6,-0.295,0.664
1891,7,-0.329,0.63
1891,8,-0.32,0.639
1891,9,-0.202,0.757
1891,10,-0.326,0.633
1891,11,-0.541,0.418
1891,12,-0.124,0.835
1892,1,-0.399,0.56
1892,2,-0.121,0.838
1892,3,-0.461,0.498
1892,4,-0.483,0.476
1892,5,-0.401,0.558
1892,6,-0.466,0.493
1892,7,-0.532,0.427
1892,8,-0.447,0.512
1892,9,-0.326,0.633
1892,10,-0.44,0.519
1892,11,-0.626,0.333
1892,12,-0.792,0.167
1893,1,-0.959,0
1893,2,-0.723,0.236
1893,3,-0.373,0.586
1893,4,-0.564,0.395
1893,5,-0.558,0.401
1893,6,-0.462,0.497
1893,7,-0.279,0.68
1893,8,-0.29,0.669
1893,9,-0.439,0.52
1893,10,-0.273,0.686
1893,11,-0.417,0.542
1893,12,-0.341,0.618
1894,1,-0.453,0.506
1894,2,-0.378,0.581
1894,3,-0.377,0.582
1894,4,-0.381,0.578
1894,5,-0.422,0.537
1894,6,-0.492,0.467
1894,7,-0.315,0.644
1894,8,-0.341,0.618
1894,9,-0.457,0.502
1894,10,-0.441,0.518
1894,11,-0.42,0.539
1894,12,-0.407,0.552
1895,1,-0.494,0.465
1895,2,-0.678,0.281
1895,3,-0.522,0.437
1895,4,-0.403,0.556
1895,5,-0.415,0.544
1895,6,-0.332,0.627
1895,7,-0.35,0.609
1895,8,-0.263,0.696
1895,9,-0.284,0.675
1895,10,-0.341,0.618
1895,11,-0.297,0.662
1895,12,-0.316,0.643
1896,1,-0.214,0.745
1896,2,-0.225,0.734
1896,3,-0.38,0.579
1896,4,-0.342,0.617
1896,5,-0.201,0.758
1896,6,-0.118,0.841
1896,7,-0.11,0.849
1896,8,-0.064,0.895
1896,9,-0.11,0.849
1896,10,-0.128,0.831
1896,11,-0.283,0.676
1896,12,-0.03,0.929
1897,1,-0.2,0.759
1897,2,-0.126,0.833
1897,3,-0.274,0.685
1897,4,-0.073,0.886
1897,5,-0.034,0.925
1897,6,-0.162,0.797
1897,7,-0.162,0.797
1897,8,-0.154,0.805
1897,9,-0.138,0.821
1897,10,-0.259,0.7
1897,11,-0.455,0.504
1897,12,-0.48,0.479
1898,1,-0.086,0.873
1898,2,-0.377,0.582
1898,3,-0.749,0.21
1898,4,-0.572,0.387
1898,5,-0.472,0.487
1898,6,-0.319,0.64
1898,7,-0.381,0.578
1898,8,-0.306,0.653
1898,9,-0.335,0.624
1898,10,-0.559,0.4
1898,11,-0.448,0.511
1898,12,-0.357,0.602
1899,1,-0.214,0.745
1899,2,-0.494,0.465
1899,3,-0.544,0.415
1899,4,-0.349,0.61
1899,5,-0.312,0.647
1899,6,-0.388,0.571
1899,7,-0.276,0.683
1899,8,-0.146,0.813
1899,9,-0.136,0.823
1899,10,-0.188,0.771
1899,11,0.025,0.984
1899,12,-0.444,0.515
1900,1,-0.246,0.713
1900,2,-0.162,0.797
1900,3,-0.282,0.677
1900,4,-0.254,0.705
1900,5,-0.27,0.689
1900,6,-0.175,0.784
1900,7,-0.19,0.769
1900,8,-0.182,0.777
1900,9,-0.225,0.734
1900,10,-0.06,0.899
1900,11,-0.257,0.702
1900,12,-0.08,0.879
1901,1,-0.176,0.783
1901,2,-0.27,0.689
1901,3,-0.242,0.717
1901,4,-0.191,0.768
1901,5,-0.195,0.764
1901,6,-0.156,0.803
1901,7,-0.189,0.77
1901,8,-0.195,0.764
1901,9,-0.347,0.612
1901,10,-0.299,0.66
1901,11,-0.441,0.518
1901,12,-0.437,0.522
1902,1,-0.237,0.722
1902,2,-0.266,0.693
1902,3,-0.389,0.57
1902,4,-0.452,0.507
1902,5,-0.4,0.559
1902,6,-0.442,0.517
1902,7,-0.392,0.567
1902,8,-0.369,0.59
1902,9,-0.363,0.596
1902,10,-0.482,0.477
1902,11,-0.531,0.428
1902,12,-0.521,0.438
1903,1,-0.264,0.695
1903,2,-0.201,0.758
1903,3,-0.355,0.604
1903,4,-0.472,0.487
1903,5,-0.464,0.495
1903,6,-0.546,0.413
1903,7,-0.495,0.464
1903,8,-0.589,0.37
1903,9,-0.525,0.434
1903,10,-0.654,0.305
1903,11,-0.627,0.332
1903,12,-0.596,0.363
1904,1,-0.634,0.325
1904,2,-0.59,0.369
1904,3,-0.655,0.304
1904,4,-0.554,0.405
1904,5,-0.53,0.429
1904,6,-0.519,0.44
1904,7,-0.523,0.436
1904,8,-0.474,0.485
1904,9,-0.478,0.481
1904,10,-0.476,0.483
1904,11,-0.381,0.578
1904,12,-0.409,0.55
1905,1,-0.46,0.499
1905,2,-0.7,0.259
1905,3,-0.463,0.496
1905,4,-0.552,0.407
1905,5,-0.344,0.615
1905,6,-0.321,0.638
1905,7,-0.298,0.661
1905,8,-0.303,0.656
1905,9,-0.316,0.643
1905,10,-0.363,0.596
1905,11,-0.221,0.738
1905,12,-0.195,0.764
1906,1,-0.07,0.889
1906,2,-0.232,0.727
1906,3,-0.287,0.672
1906,4,-0.112,0.847
1906,5,-0.334,0.625
1906,6,-0.295,0.664
1906,7,-0.321,0.638
1906,8,-0.32,0.639
1906,9,-0.385,0.574
1906,10,-0.352,0.607
1906,11,-0.428,0.531
1906,12,-0.28,0.679
1907,1,-0.433,0.526
1907,2,-0.51,0.449
1907,3,-0.334,0.625
1907,4,-0.505,0.454
1907,5,-0.557,0.402
1907,6,-0.525,0.434
1907,7,-0.405,0.554
1907,8,-0.457,0.502
1907,9,-0.406,0.553
1907,10,-0.358,0.601
1907,11,-0.58,0.379
1907,12,-0.531,0.428
1908,1,-0.409,0.55
1908,2,-0.412,0.547
1908,3,-0.629,0.33
1908,4,-0.546,0.413
1908,5,-0.472,0.487
1908,6,-0.475,0.484
1908,7,-0.472,0.487
1908,8,-0.533,0.426
1908,9,-0.458,0.501
1908,10,-0.58,0.379
1908,11,-0.598,0.361
1908,12,-0.568,0.391
1909,1,-0.575,0.384
1909,2,-0.534,0.425
1909,3,-0.685,0.274
1909,4,-0.603,0.356
1909,5,-0.585,0.374
1909,6,-0.514,0.445
1909,7,-0.578,0.381
1909,8,-0.318,0.641
1909,9,-0.4,0.559
1909,10,-0.478,0.481
1909,11,-0.425,0.534
1909,12,-0.589,0.37
1910,1,-0.351,0.608
1910,2,-0.513,0.446
1910,3,-0.484,0.475
1910,4,-0.45,0.509
1910,5,-0.47,0.489
1910,6,-0.484,0.475
1910,7,-0.467,0.492
1910,8,-0.438,0.521
1910,9,-0.439,0.52
1910,10,-0.479,0.48
1910,11,-0.652,0.307
1910,12,-0.666,0.293
1911,1,-0.55,0.409
1911,2,-0.758,0.201
1911,3,-0.694,0.265
1911,4,-0.715,0.244
1911,5,-0.6,0.359
1911,6,-0.569,0.39
1911,7,-0.516,0.443
1911,8,-0.5,0.459
1911,9,-0.51,0.449
1911,10,-0.464,0.495
1911,11,-0.373,0.586
1911,12,-0.292,0.667
1912,1,-0.361,0.598
1912,2,-0.292,0.667
1912,3,-0.381,0.578
1912,4,-0.338,0.621
1912,5,-0.375,0.584
1912,6,-0.314,0.645
1912,7,-0.456,0.503
1912,8,-0.561,0.398
1912,9,-0.558,0.401
1912,10,-0.639,0.32
1912,11,-0.516,0.443
1912,12,-0.482,0.477
1913,1,-0.454,0.505
1913,2,-0.505,0.454
1913,3,-0.537,0.422
1913,4,-0.432,0.527
1913,5,-0.51,0.449
1913,6,-0.507,0.452
1913,7,-0.436,0.523
1913,8,-0.393,0.566
1913,9,-0.425,0.534
1913,10,-0.427,0.532
1913,11,-0.267,0.692
1913,12,-0.234,0.725
1914,1,-0.082,0.877
1914,2,-0.216,0.743
1914,3,-0.329,0.63
1914,4,-0.387,0.572
1914,5,-0.28,0.679
1914,6,-0.286,0.673
1914,7,-0.335,0.624
1914,8,-0.216,0.743
1914,9,-0.261,0.698
1914,10,-0.151,0.808
1914,11,-0.178,0.781
1914,12,-0.246,0.713
1915,1,-0.116,0.843
1915,2,-0.054,0.905
1915,3,-0.193,0.766
1915,4,-0.049,0.91
1915,5,-0.208,0.751
1915,6,-0.222,0.737
1915,7,-0.112,0.847
1915,8,-0.07,0.889
1915,9,-0.134,0.825
1915,10,-0.258,0.701
1915,11,-0.134,0.825
1915,12,-0.248,0.711
1916,1,-0.233,0.726
1916,2,-0.176,0.783
1916,3,-0.401,0.558
1916,4,-0.336,0.623
1916,5,-0.355,0.604
1916,6,-0.476,0.483
1916,7,-0.381,0.578
1916,8,-0.344,0.615
1916,9,-0.336,0.623
1916,10,-0.398,0.561
1916,11,-0.57,0.389
1916,12,-0.62,0.339
1917,1,-0.68,0.279
1917,2,-0.756,0.203
1917,3,-0.829,0.13
1917,4,-0.475,0.484
1917,5,-0.654,0.305
1917,6,-0.347,0.612
1917,7,-0.119,0.84
1917,8,-0.216,0.743
1917,9,-0.123,0.836
1917,10,-0.385,0.574
1917,11,-0.389,0.57
1917,12,-0.622,0.337
1918,1,-0.501,0.458
1918,2,-0.512,0.447
1918,3,-0.44,0.519
1918,4,-0.488,0.471
1918,5,-0.427,0.532
1918,6,-0.332,0.627
1918,7,-0.338,0.621
1918,8,-0.359,0.6
1918,9,-0.239,0.72
1918,10,-0.095,0.864
1918,11,-0.038,0.921
1918,12,-0.223,0.736
1919,1,-0.095,0.864
1919,2,-0.08,0.879
1919,3,-0.303,0.656
1919,4,-0.076,0.883
1919,5,-0.263,0.696
1919,6,-0.25,0.709
1919,7,-0.363,0.596
1919,8,-0.328,0.631
1919,9,-0.23,0.729
1919,10,-0.303,0.656
1919,11,-0.535,0.424
1919,12,-0.457,0.502
1920,1,-0.236,0.723
1920,2,-0.419,0.54
1920,3,-0.111,0.848
1920,4,-0.256,0.703
1920,5,-0.189,0.77
1920,6,-0.211,0.748
1920,7,-0.287,0.672
1920,8,-0.227,0.732
1920,9,-0.13,0.829
1920,10,-0.225,0.734
1920,11,-0.282,0.677
1920,12,-0.341,0.618
1921,1,-0.136,0.823
1921,2,-0.18,0.779
1921,3,-0.249,0.71
1921,4,-0.223,0.736
1921,5,-0.202,0.757
1921,6,-0.12,0.839
1921,7,-0.14,0.819
1921,8,-0.28,0.679
1921,9,-0.163,0.796
1921,10,-0.14,0.819
1921,11,-0.3,0.659
1921,12,-0.146,0.813
1922,1,-0.396,0.563
1922,2,-0.276,0.683
1922,3,-0.268,0.691
1922,4,-0.234,0.725
1922,5,-0.377,0.582
1922,6,-0.324,0.635
1922,7,-0.226,0.733
1922,8,-0.347,0.612
1922,9,-0.28,0.679
1922,10,-0.324,0.635
1922,11,-0.287,0.672
1922,12,-0.301,0.658
1923,1,-0.228,0.731
1923,2,-0.409,0.55
1923,3,-0.405,0.554
1923,4,-0.356,0.603
1923,5,-0.318,0.641
1923,6,-0.242,0.717
1923,7,-0.351,0.608
1923,8,-0.378,0.581
1923,9,-0.322,0.637
1923,10,-0.267,0.692
1923,11,-0.018,0.941
1923,12,-0.006,0.953
1924,1,-0.313,0.646
1924,2,-0.2,0.759
1924,3,-0.269,0.69
1924,4,-0.281,0.678
1924,5,-0.24,0.719
1924,6,-0.216,0.743
1924,7,-0.263,0.696
1924,8,-0.277,0.682
1924,9,-0.28,0.679
1924,10,-0.31,0.649
1924,11,-0.359,0.6
1924,12,-0.524,0.435
1925,1,-0.399,0.56
1925,2,-0.302,0.657
1925,3,-0.222,0.737
1925,4,-0.275,0.684
1925,5,-0.257,0.702
1925,6,-0.257,0.702
1925,7,-0.218,0.741
1925,8,-0.128,0.831
1925,9,-0.188,0.771
1925,10,-0.305,0.654
1925,11,-0.054,0.905
1925,12,0.006,0.965
1926,1,0.089,1.048
1926,2,-0.042,0.917
1926,3,-0.023,0.936
1926,4,-0.173,0.786
1926,5,-0.214,0.745
1926,6,-0.088,0.871
1926,7,-0.235,0.724
1926,8,-0.085,0.874
1926,9,-0.102,0.857
1926,10,-0.084,0.875
1926,11,-0.109,0.85
1926,12,-0.232,0.727
1927,1,-0.254,0.705
1927,2,-0.144,0.815
1927,3,-0.324,0.635
1927,4,-0.256,0.703
1927,5,-0.256,0.703
1927,6,-0.236,0.723
1927,7,-0.144,0.815
1927,8,-0.142,0.817
1927,9,-0.132,0.827
1927,10,-0.04,0.919
1927,11,-0.173,0.786
1927,12,-0.425,0.534
1928,1,-0.05,0.909
1928,2,-0.138,0.821
1928,3,-0.338,0.621
1928,4,-0.253,0.706
1928,5,-0.282,0.677
1928,6,-0.342,0.617
1928,7,-0.164,0.795
1928,8,-0.174,0.785
1928,9,-0.22,0.739
1928,10,-0.165,0.794
1928,11,-0.151,0.808
1928,12,-0.236,0.723
1929,1,-0.48,0.479
1929,2,-0.662,0.297
1929,3,-0.408,0.551
1929,4,-0.387,0.572
1929,5,-0.387,0.572
1929,6,-0.348,0.611
1929,7,-0.36,0.599
1929,8,-0.188,0.771
1929,9,-0.264,0.695
1929,10,-0.177,0.782
1929,11,-0.071,0.888
1929,12,-0.47,0.489
1930,1,-0.326,0.633
1930,2,-0.288,0.671
1930,3,-0.153,0.806
1930,4,-0.189,0.77
1930,5,-0.197,0.762
1930,6,-0.162,0.797
1930,7,-0.12,0.839
1930,8,-0.055,0.904
1930,9,-0.076,0.883
1930,10,-0.089,0.87
1930,11,0.081,1.04
1930,12,-0.069,0.89
1931,1,-0.001,0.958
1931,2,-0.147,0.812
1931,3,-0.119,0.84
1931,4,-0.178,0.781
1931,5,-0.161,0.798
1931,6,-0.034,0.925
1931,7,0.007,0.966
1931,8,-0.048,0.911
1931,9,-0.047,0.912
1931,10,-0.04,0.919
1931,11,-0.147,0.812
1931,12,-0.1,0.859
1932,1,0.162,1.121
1932,2,-0.192,0.767
1932,3,-0.24,0.719
1932,4,-0.063,0.896
1932,5,-0.168,0.791
1932,6,-0.192,0.767
1932,7,-0.129,0.83
1932,8,-0.198,0.761
1932,9,-0.039,0.92
1932,10,-0.171,0.788
1932,11,-0.227,0.732
1932,12,-0.192,0.767
1933,1,-0.284,0.675
1933,2,-0.316,0.643
1933,3,-0.34,0.619
1933,4,-0.216,0.743
1933,5,-0.212,0.747
1933,6,-0.26,0.699
1933,7,-0.185,0.774
1933,8,-0.176,0.783
1933,9,-0.234,0.725
1933,10,-0.195,0.764
1933,11,-0.306,0.653
1933,12,-0.525,0.434
1934,1,-0.216,0.743
1934,2,-0.163,0.796
1934,3,-0.388,0.571
1934,4,-0.246,0.713
1934,5,-0.079,0.88
1934,6,-0.041,0.918
1934,7,-0.065,0.894
1934,8,-0.059,0.9
1934,9,-0.097,0.862
1934,10,-0.085,0.874
1934,11,0.025,0.984
1934,12,-0.133,0.826
1935,1,-0.225,0.734
1935,2,0.104,1.063
1935,3,-0.225,0.734
1935,4,-0.264,0.695
1935,5,-0.241,0.718
1935,6,-0.185,0.774
1935,7,-0.141,0.818
1935,8,-0.152,0.807
1935,9,-0.139,0.82
1935,10,-0.074,0.885
1935,11,-0.293,0.666
1935,12,-0.259,0.7
1936,1,-0.298,0.661
1936,2,-0.356,0.603
1936,3,-0.295,0.664
1936,4,-0.201,0.758
1936,5,-0.149,0.81
1936,6,-0.162,0.797
1936,7,-0.02,0.939
1936,8,-0.042,0.917
1936,9,-0.104,0.855
1936,10,0,0.959
1936,11,-0.065,0.894
1936,12,-0.008,0.951
1937,1,-0.127,0.832
1937,2,0.037,0.996
1937,3,-0.27,0.689
1937,4,-0.125,0.834
1937,5,-0.077,0.882
1937,6,-0.009,0.95
1937,7,0.05,1.009
1937,8,0.084,1.043
1937,9,0.113,1.072
1937,10,0.123,1.082
1937,11,0.007,0.966
1937,12,-0.097,0.862
1938,1,0.02,0.979
1938,2,0.023,0.982
1938,3,0.065,1.024
1938,4,0.084,1.043
1938,5,-0.088,0.871
1938,6,-0.06,0.899
1938,7,-0.046,0.913
1938,8,0.012,0.971
1938,9,0.058,1.017
1938,10,0.147,1.106
1938,11,0.02,0.979
1938,12,-0.289,0.67
1939,1,-0.07,0.889
1939,2,-0.042,0.917
1939,3,-0.256,0.703
1939,4,-0.093,0.866
1939,5,-0.027,0.932
1939,6,0.064,1.023
1939,7,0.051,1.01
1939,8,0.039,0.998
1939,9,-0.074,0.885
1939,10,-0.272,0.687
1939,11,-0.121,0.838
1939,12,0.224,1.183
1940,1,-0.181,0.778
1940,2,-0.039,0.92
1940,3,-0.114,0.845
1940,4,0.057,1.016
1940,5,0.022,0.981
1940,6,0.033,0.992
1940,7,0.142,1.101
1940,8,0.048,1.007
1940,9,0.124,1.083
1940,10,0.01,0.969
1940,11,-0.062,0.897
1940,12,0.162,1.121
1941,1,-0.093,0.866
1941,2,-0.018,0.941
1941,3,-0.139,0.82
1941,4,0.019,0.978
1941,5,-0.022,0.937
1941,6,0.121,1.08
1941,7,0.115,1.074
1941,8,0.017,0.976
1941,9,-0.128,0.831
1941,10,0.221,1.18
1941,11,0.054,1.013
1941,12,0.093,1.052
1942,1,0.211,1.17
1942,2,-0.079,0.88
1942,3,-0.087,0.872
1942,4,-0.063,0.896
1942,5,-0.012,0.947
1942,6,0.035,0.994
1942,7,-0.077,0.882
1942,8,-0.066,0.893
1942,9,0.005,0.964
1942,10,-0.077,0.882
1942,11,-0.07,0.889
1942,12,0.011,0.97
1943,1,-0.203,0.756
1943,2,0.069,1.028
1943,3,-0.199,0.76
1943,4,0.006,0.965
1943,5,-0.017,0.942
1943,6,-0.096,0.863
1943,7,-0.006,0.953
1943,8,-0.009,0.95
1943,9,-0.015,0.944
1943,10,0.239,1.198
1943,11,0.026,0.985
1943,12,0.195,1.154
1944,1,0.288,1.247
1944,2,0.138,1.097
1944,3,0.141,1.1
1944,4,0.054,1.013
1944,5,0.062,1.021
1944,6,0.15,1.109
1944,7,0.218,1.177
1944,8,0.234,1.193
1944,9,0.298,1.257
1944,10,0.213,1.172
1944,11,0.011,0.97
1944,12,-0.018,0.941
1945,1,0,0.959
1945,2,-0.091,0.868
1945,3,-0.043,0.916
1945,4,0.168,1.127
1945,5,-0.108,0.851
1945,6,-0.002,0.957
1945,7,-0.087,0.872
1945,8,0.36,1.319
1945,9,0.161,1.12
1945,10,0.183,1.142
1945,11,-0.009,0.95
1945,12,-0.206,0.753
1946,1,0.095,1.054
1946,2,0.04,0.999
1946,3,-0.06,0.899
1946,4,0.135,1.094
1946,5,-0.117,0.842
1946,6,-0.263,0.696
1946,7,-0.05,0.909
1946,8,-0.152,0.807
1946,9,-0.011,0.948
1946,10,-0.053,0.906
1946,11,-0.092,0.867
1946,12,-0.356,0.603
1947,1,-0.111,0.848
1947,2,-0.178,0.781
1947,3,-0.066,0.893
1947,4,0.093,1.052
1947,5,-0.06,0.899
1947,6,0.004,0.963
1947,7,-0.007,0.952
1947,8,-0.041,0.918
1947,9,-0.072,0.887
1947,10,0.08,1.039
1947,11,0.043,1.002
1947,12,-0.172,0.787
1948,1,0.087,1.046
1948,2,-0.123,0.836
1948,3,-0.178,0.781
1948,4,-0.041,0.918
1948,5,0.11,1.069
1948,6,0.069,1.028
1948,7,-0.11,0.849
1948,8,-0.002,0.957
1948,9,-0.054,0.905
1948,10,0.027,0.986
1948,11,-0.049,0.91
1948,12,-0.2,0.759
1949,1,0.151,1.11
1949,2,-0.149,0.81
1949,3,-0.175,0.784
1949,4,0.007,0.966
1949,5,-0.045,0.914
1949,6,-0.187,0.772
1949,7,-0.092,0.867
1949,8,-0.037,0.922
1949,9,-0.071,0.888
1949,10,-0.031,0.928
1949,11,-0.077,0.882
1949,12,-0.185,0.774
1950,1,-0.326,0.633
1950,2,-0.244,0.715
1950,3,-0.178,0.781
1950,4,-0.168,0.791
1950,5,-0.089,0.87
1950,6,-0.074,0.885
1950,7,-0.044,0.915
1950,8,-0.113,0.846
1950,9,-0.105,0.854
1950,10,-0.128,0.831
1950,11,-0.389,0.57
1950,12,-0.249,0.71
1951,1,-0.353,0.606
1951,2,-0.461,0.498
1951,3,-0.292,0.667
1951,4,-0.104,0.855
1951,5,-0.015,0.944
1951,6,0.034,0.993
1951,7,0.045,1.004
1951,8,0.137,1.096
1951,9,0.092,1.051
1951,10,0.133,1.092
1951,11,-0.037,0.922
1951,12,0.178,1.137
1952,1,0.185,1.144
1952,2,0.133,1.092
1952,3,-0.129,0.83
1952,4,0.056,1.015
1952,5,0.042,1.001
1952,6,0.04,0.999
1952,7,0.099,1.058
1952,8,0.094,1.053
1952,9,0.099,1.058
1952,10,-0.006,0.953
1952,11,-0.186,0.773
1952,12,-0.059,0.9
1953,1,0.065,1.024
1953,2,0.143,1.102
1953,3,0.127,1.086
1953,4,0.196,1.155
1953,5,0.14,1.099
1953,6,0.166,1.125
1953,7,0.051,1.01
1953,8,0.097,1.056
1953,9,0.077,1.036
1953,10,0.075,1.034
1953,11,-0.07,0.889
1953,12,0.091,1.05
1954,1,-0.235,0.724
1954,2,-0.084,0.875
1954,3,-0.152,0.807
1954,4,-0.146,0.813
1954,5,-0.206,0.753
1954,6,-0.129,0.83
1954,7,-0.198,0.761
1954,8,-0.092,0.867
1954,9,-0.086,0.873
1954,10,-0.033,0.926
1954,11,0.023,0.982
1954,12,-0.232,0.727
1955,1,0.127,1.086
1955,2,-0.166,0.793
1955,3,-0.404,0.555
1955,4,-0.245,0.714
1955,5,-0.236,0.723
1955,6,-0.167,0.792
1955,7,-0.198,0.761
1955,8,-0.062,0.897
1955,9,-0.116,0.843
1955,10,-0.165,0.794
1955,11,-0.315,0.644
1955,12,-0.337,0.622
1956,1,-0.245,0.714
1956,2,-0.349,0.61
1956,3,-0.313,0.646
1956,4,-0.334,0.625
1956,5,-0.281,0.678
1956,6,-0.226,0.733
1956,7,-0.21,0.749
1956,8,-0.246,0.713
1956,9,-0.283,0.676
1956,10,-0.233,0.726
1956,11,-0.261,0.698
1956,12,-0.205,0.754
1957,1,-0.163,0.796
1957,2,-0.128,0.831
1957,3,-0.186,0.773
1957,4,-0.061,0.898
1957,5,0.05,1.009
1957,6,0.086,1.045
1957,7,0.004,0.963
1957,8,0.096,1.055
1957,9,0.039,0.998
1957,10,-0.012,0.947
1957,11,0.055,1.014
1957,12,0.152,1.111
1958,1,0.269,1.228
1958,2,0.183,1.142
1958,3,-0.002,0.957
1958,4,0.038,0.997
1958,5,0.034,0.993
1958,6,-0.015,0.944
1958,7,0.041,1
1958,8,0.007,0.966
1958,9,-0.053,0.906
1958,10,0.015,0.974
1958,11,0.008,0.967
1958,12,0.03,0.989
1959,1,0.089,1.048
1959,2,0.031,0.99
1959,3,0.08,1.039
1959,4,0.048,1.007
1959,5,-0.013,0.946
1959,6,0.065,1.024
1959,7,0.03,0.989
1959,8,0.047,1.006
1959,9,0.04,0.999
1959,10,-0.033,0.926
1959,11,-0.109,0.85
1959,12,-0.071,0.888
1960,1,-0.031,0.928
1960,2,0.102,1.061
1960,3,-0.316,0.643
1960,4,-0.178,0.781
1960,5,-0.156,0.803
1960,6,-0.029,0.93
1960,7,-0.028,0.931
1960,8,0.009,0.968
1960,9,0.063,1.022
1960,10,-0.025,0.934
1960,11,-0.149,0.81
1960,12,0.146,1.105
1961,1,0.05,1.009
1961,2,0.182,1.141
1961,3,0.096,1.055
1961,4,0.098,1.057
1961,5,0.087,1.046
1961,6,0.11,1.069
1961,7,0.019,0.978
1961,8,0.034,0.993
1961,9,-0.027,0.932
1961,10,-0.031,0.928
1961,11,-0.018,0.941
1961,12,-0.114,0.845
1962,1,0.055,1.014
1962,2,0.137,1.096
1962,3,0.029,0.988
1962,4,0.026,0.985
1962,5,-0.045,0.914
1962,6,-0.053,0.906
1962,7,0.017,0.976
1962,8,-0.003,0.956
1962,9,-0.014,0.945
1962,10,0.045,1.004
1962,11,0.013,0.972
1962,12,-0.011,0.948
1963,1,-0.045,0.914
1963,2,0.15,1.109
1963,3,-0.146,0.813
1963,4,-0.067,0.892
1963,5,-0.021,0.938
1963,6,-0.034,0.925
1963,7,0.11,1.069
1963,8,0.128,1.087
1963,9,0.129,1.088
1963,10,0.225,1.184
1963,11,0.161,1.12
1963,12,-0.007,0.952
1964,1,-0.053,0.906
1964,2,-0.127,0.832
1964,3,-0.279,0.68
1964,4,-0.247,0.712
1964,5,-0.176,0.783
1964,6,-0.159,0.8
1964,7,-0.172,0.787
1964,8,-0.256,0.703
1964,9,-0.283,0.676
1964,10,-0.267,0.692
1964,11,-0.297,0.662
1964,12,-0.353,0.606
1965,1,-0.105,0.854
1965,2,-0.247,0.712
1965,3,-0.218,0.741
1965,4,-0.255,0.704
1965,5,-0.162,0.797
1965,6,-0.11,0.849
1965,7,-0.179,0.78
1965,8,-0.107,0.852
1965,9,-0.09,0.869
1965,10,-0.025,0.934
1965,11,-0.135,0.824
1965,12,-0.065,0.894
1966,1,-0.095,0.864
1966,2,-0.094,0.865
1966,3,-0.066,0.893
1966,4,-0.107,0.852
1966,5,-0.14,0.819
1966,6,0.036,0.995
1966,7,0.031,0.99
1966,8,-0.019,0.94
1966,9,-0.039,0.92
1966,10,-0.106,0.853
1966,11,-0.095,0.864
1966,12,-0.137,0.822
1967,1,-0.167,0.792
1967,2,-0.235,0.724
1967,3,-0.048,0.911
1967,4,-0.063,0.896
1967,5,0.077,1.036
1967,6,-0.083,0.876
1967,7,-0.064,0.895
1967,8,-0.063,0.896
1967,9,-0.096,0.863
1967,10,0.06,1.019
1967,11,-0.061,0.898
1967,12,-0.148,0.811
1968,1,-0.24,0.719
1968,2,-0.213,0.746
1968,3,0.039,0.998
1968,4,-0.169,0.79
1968,5,-0.221,0.738
1968,6,-0.107,0.852
1968,7,-0.102,0.857
1968,8,-0.057,0.902
1968,9,-0.086,0.873
1968,10,-0.02,0.939
1968,11,-0.071,0.888
1968,12,-0.109,0.85
1969,1,-0.168,0.791
1969,2,-0.167,0.792
1969,3,-0.005,0.954
1969,4,0.105,1.064
1969,5,0.132,1.091
1969,6,0.024,0.983
1969,7,0.038,0.997
1969,8,0.053,1.012
1969,9,0.017,0.976
1969,10,0.027,0.986
1969,11,0.132,1.091
1969,12,0.196,1.155
1970,1,0.073,1.032
1970,2,0.145,1.104
1970,3,-0.068,0.891
1970,4,0.056,1.015
1970,5,-0.035,0.924
1970,6,-0.014,0.945
1970,7,-0.049,0.91
1970,8,-0.092,0.867
1970,9,-0.04,0.919
1970,10,-0.075,0.884
1970,11,-0.049,0.91
1970,12,-0.164,0.795
1971,1,-0.098,0.861
1971,2,-0.291,0.668
1971,3,-0.283,0.676
1971,4,-0.238,0.721
1971,5,-0.214,0.745
1971,6,-0.234,0.725
1971,7,-0.131,0.828
1971,8,-0.169,0.79
1971,9,-0.124,0.835
1971,10,-0.165,0.794
1971,11,-0.084,0.875
1971,12,-0.2,0.759
1972,1,-0.377,0.582
1972,2,-0.29,0.669
1972,3,-0.133,0.826
1972,4,-0.079,0.88
1972,5,-0.065,0.894
1972,6,0.006,0.965
1972,7,-0.021,0.938
1972,8,0.015,0.974
1972,9,-0.055,0.904
1972,10,0.005,0.964
1972,11,-0.001,0.958
1972,12,0.185,1.144
1973,1,0.147,1.106
1973,2,0.278,1.237
1973,3,0.225,1.184
1973,4,0.16,1.119
1973,5,0.086,1.045
1973,6,0.109,1.068
1973,7,0.026,0.985
1973,8,0.016,0.975
1973,9,-0.043,0.916
1973,10,-0.046,0.913
1973,11,-0.098,0.861
1973,12,-0.113,0.846
1974,1,-0.373,0.586
1974,2,-0.407,0.552
1974,3,-0.231,0.728
1974,4,-0.18,0.779
1974,5,-0.196,0.763
1974,6,-0.153,0.806
1974,7,-0.127,0.832
1974,8,-0.082,0.877
1974,9,-0.13,0.829
1974,10,-0.219,0.74
1974,11,-0.212,0.747
1974,12,-0.237,0.722
1975,1,-0.073,0.886
1975,2,-0.092,0.867
1975,3,-0.076,0.883
1975,4,-0.091,0.868
1975,5,-0.085,0.874
1975,6,-0.085,0.874
1975,7,-0.11,0.849
1975,8,-0.179,0.78
1975,9,-0.126,0.833
1975,10,-0.234,0.725
1975,11,-0.315,0.644
1975,12,-0.306,0.653
1976,1,-0.232,0.727
1976,2,-0.328,0.631
1976,3,-0.441,0.518
1976,4,-0.192,0.767
1976,5,-0.316,0.643
1976,6,-0.249,0.71
1976,7,-0.185,0.774
1976,8,-0.203,0.756
1976,9,-0.163,0.796
1976,10,-0.316,0.643
1976,11,-0.177,0.782
1976,12,-0.086,0.873
1977,1,-0.076,0.883
1977,2,0.076,1.035
1977,3,0.101,1.06
1977,4,0.095,1.054
1977,5,0.071,1.03
1977,6,0.11,1.069
1977,7,0.062,1.021
1977,8,-0.003,0.956
1977,9,0.033,0.992
1977,10,-0.006,0.953
1977,11,0.14,1.099
1977,12,-0.054,0.905
1978,1,0.014,0.973
1978,2,-0.038,0.921
1978,3,0.027,0.986
1978,4,-0.063,0.896
1978,5,-0.086,0.873
1978,6,-0.136,0.823
1978,7,-0.066,0.893
1978,8,-0.185,0.774
1978,9,-0.053,0.906
1978,10,-0.112,0.847
1978,11,0.047,1.006
1978,12,-0.101,0.858
1979,1,-0.035,0.924
1979,2,-0.14,0.819
1979,3,0.015,0.974
1979,4,-0.047,0.912
1979,5,-0.029,0.93
1979,6,0.059,1.018
1979,7,0.054,1.013
1979,8,0.081,1.04
1979,9,0.094,1.053
1979,10,0.133,1.092
1979,11,0.149,1.108
1979,12,0.356,1.315
1980,1,0.134,1.093
1980,2,0.22,1.179
1980,3,0.072,1.031
1980,4,0.144,1.103
1980,5,0.142,1.101
1980,6,0.072,1.031
1980,7,0.059,1.018
1980,8,0.038,0.997
1980,9,0.038,0.997
1980,10,0.011,0.97
1980,11,0.13,1.089
1980,12,0.057,1.016
1981,1,0.334,1.293
1981,2,0.198,1.157
1981,3,0.207,1.166
1981,4,0.129,1.088
1981,5,0.067,1.026
1981,6,0.125,1.084
1981,7,0.091,1.05
1981,8,0.122,1.081
1981,9,0.073,1.032
1981,10,0.004,0.963
1981,11,0.074,1.033
1981,12,0.266,1.225
1982,1,-0.046,0.913
1982,2,0.006,0.965
1982,3,-0.127,0.832
1982,4,0.027,0.986
1982,5,0.04,0.999
1982,6,-0.056,0.903
1982,7,-0.018,0.941
1982,8,-0.009,0.95
1982,9,0.074,1.033
1982,10,0.004,0.963
1982,11,-0.01,0.949
1982,12,0.252,1.211
1983,1,0.429,1.388
1983,2,0.31,1.269
1983,3,0.213,1.172
1983,4,0.116,1.075
1983,5,0.136,1.095
1983,6,0.136,1.095
1983,7,0.151,1.11
1983,8,0.2,1.159
1983,9,0.189,1.148
1983,10,0.098,1.057
1983,11,0.254,1.213
1983,12,0.086,1.045
1984,1,0.121,1.08
1984,2,0.018,0.977
1984,3,0.048,1.007
1984,4,-0.046,0.913
1984,5,0.091,1.05
1984,6,-0.014,0.945
1984,7,-0.035,0.924
1984,8,0.04,0.999
1984,9,0.033,0.992
1984,10,-0.021,0.938
1984,11,-0.122,0.837
1984,12,-0.275,0.684
1985,1,0.01,0.969
1985,2,-0.135,0.824
1985,3,-0.025,0.934
1985,4,-0.039,0.92
1985,5,-0.003,0.956
1985,6,-0.06,0.899
1985,7,-0.06,0.899
1985,8,0.027,0.986
1985,9,-0.031,0.928
1985,10,0.02,0.979
1985,11,-0.074,0.885
1985,12,0.014,0.973
1986,1,0.124,1.083
1986,2,0.09,1.049
1986,3,0.076,1.035
1986,4,0.08,1.039
1986,5,0.045,1.004
1986,6,0.05,1.009
1986,7,-0.003,0.956
1986,8,0.002,0.961
1986,9,0.011,0.97
1986,10,0.065,1.024
1986,11,-0.006,0.953
1986,12,0.01,0.969
1987,1,0.111,1.07
1987,2,0.299,1.258
1987,3,0.021,0.98
1987,4,0.094,1.053
1987,5,0.147,1.106
1987,6,0.127,1.086
1987,7,0.269,1.228
1987,8,0.236,1.195
1987,9,0.271,1.23
1987,10,0.202,1.161
1987,11,0.196,1.155
1987,12,0.32,1.279
1988,1,0.388,1.347
1988,2,0.232,1.191
1988,3,0.265,1.224
1988,4,0.226,1.185
1988,5,0.211,1.17
1988,6,0.221,1.18
1988,7,0.175,1.134
1988,8,0.178,1.137
1988,9,0.186,1.145
1988,10,0.14,1.099
1988,11,0.027,0.986
1988,12,0.149,1.108
1989,1,0.013,0.972
1989,2,0.149,1.108
1989,3,0.137,1.096
1989,4,0.081,1.04
1989,5,0.078,1.037
1989,6,0.077,1.036
1989,7,0.157,1.116
1989,8,0.178,1.137
1989,9,0.142,1.101
1989,10,0.15,1.109
1989,11,0.059,1.018
1989,12,0.203,1.162
1990,1,0.217,1.176
1990,2,0.307,1.266
1990,3,0.56,1.519
1990,4,0.368,1.327
1990,5,0.277,1.236
1990,6,0.277,1.236
1990,7,0.23,1.189
1990,8,0.25,1.209
1990,9,0.176,1.135
1990,10,0.332,1.291
1990,11,0.317,1.276
1990,12,0.247,1.206
1991,1,0.289,1.248
1991,2,0.294,1.253
1991,3,0.193,1.152
1991,4,0.386,1.345
1991,5,0.302,1.261
1991,6,0.305,1.264
1991,7,0.308,1.267
1991,8,0.259,1.218
1991,9,0.243,1.202
1991,10,0.185,1.144
1991,11,0.158,1.117
1991,12,0.128,1.087
1992,1,0.37,1.329
1992,2,0.316,1.275
1992,3,0.258,1.217
1992,4,0.14,1.099
1992,5,0.178,1.137
1992,6,0.125,1.084
1992,7,-0.018,0.941
1992,8,0.004,0.963
1992,9,-0.062,0.897
1992,10,-0.053,0.906
1992,11,-0.09,0.869
1992,12,0.079,1.038
1993,1,0.307,1.266
1993,2,0.253,1.212
1993,3,0.24,1.199
1993,4,0.131,1.09
1993,5,0.179,1.138
1993,6,0.177,1.136
1993,7,0.133,1.092
1993,8,0.094,1.053
1993,9,0.062,1.021
1993,10,0.099,1.058
1993,11,-0.041,0.918
1993,12,0.122,1.081
1994,1,0.179,1.138
1994,2,-0.052,0.907
1994,3,0.222,1.181
1994,4,0.209,1.168
1994,5,0.271,1.23
1994,6,0.264,1.223
1994,7,0.168,1.127
1994,8,0.181,1.14
1994,9,0.186,1.145
1994,10,0.309,1.268
1994,11,0.308,1.267
1994,12,0.244,1.203
1995,1,0.42,1.379
1995,2,0.597,1.556
1995,3,0.325,1.284
1995,4,0.285,1.244
1995,5,0.216,1.175
1995,6,0.307,1.266
1995,7,0.325,1.284
1995,8,0.355,1.314
1995,9,0.252,1.211
1995,10,0.33,1.289
1995,11,0.319,1.278
1995,12,0.124,1.083
1996,1,0.109,1.068
1996,2,0.321,1.28
1996,3,0.184,1.143
1996,4,0.129,1.088
1996,5,0.219,1.178
1996,6,0.17,1.129
1996,7,0.22,1.179
1996,8,0.203,1.162
1996,9,0.098,1.057
1996,10,0.133,1.092
1996,11,0.145,1.104
1996,12,0.23,1.189
1997,1,0.208,1.167
1997,2,0.317,1.276
1997,3,0.348,1.307
1997,4,0.271,1.23
1997,5,0.287,1.246
1997,6,0.403,1.362
1997,7,0.366,1.325
1997,8,0.438,1.397
1997,9,0.474,1.433
1997,10,0.554,1.513
1997,11,0.496,1.455
1997,12,0.505,1.464
1998,1,0.485,1.444
1998,2,0.761,1.72
1998,3,0.557,1.516
1998,4,0.638,1.597
1998,5,0.574,1.533
1998,6,0.594,1.553
1998,7,0.672,1.631
1998,8,0.599,1.558
1998,9,0.391,1.35
1998,10,0.401,1.36
1998,11,0.297,1.256
1998,12,0.473,1.432
1999,1,0.347,1.306
1999,2,0.588,1.547
1999,3,0.228,1.187
1999,4,0.325,1.284
1999,5,0.244,1.203
1999,6,0.273,1.232
1999,7,0.288,1.247
1999,8,0.222,1.181
1999,9,0.297,1.256
1999,10,0.252,1.211
1999,11,0.235,1.194
1999,12,0.382,1.341
2000,1,0.225,1.184
2000,2,0.454,1.413
2000,3,0.381,1.34
2000,4,0.478,1.437
2000,5,0.279,1.238
2000,6,0.274,1.233
2000,7,0.26,1.219
2000,8,0.357,1.316
2000,9,0.305,1.264
2000,10,0.222,1.181
2000,11,0.16,1.119
2000,12,0.155,1.114
2001,1,0.365,1.324
2001,2,0.325,1.284
2001,3,0.512,1.471
2001,4,0.45,1.409
2001,5,0.414,1.373
2001,6,0.428,1.387
2001,7,0.461,1.42
2001,8,0.5,1.459
2001,9,0.421,1.38
2001,10,0.417,1.376
2001,11,0.609,1.568
2001,12,0.373,1.332
2002,1,0.663,1.622
2002,2,0.705,1.664
2002,3,0.7,1.659
2002,4,0.464,1.423
2002,5,0.426,1.385
2002,6,0.477,1.436
2002,7,0.489,1.448
2002,8,0.449,1.408
2002,9,0.42,1.379
2002,10,0.406,1.365
2002,11,0.45,1.409
2002,12,0.325,1.284
2003,1,0.599,1.558
2003,2,0.453,1.412
2003,3,0.46,1.419
2003,4,0.436,1.395
2003,5,0.478,1.437
2003,6,0.459,1.418
2003,7,0.479,1.438
2003,8,0.55,1.509
2003,9,0.538,1.497
2003,10,0.611,1.57
2003,11,0.457,1.416
2003,12,0.592,1.551
2004,1,0.501,1.46
2004,2,0.61,1.569
2004,3,0.527,1.486
2004,4,0.479,1.438
2004,5,0.311,1.27
2004,6,0.327,1.286
2004,7,0.361,1.32
2004,8,0.397,1.356
2004,9,0.44,1.399
2004,10,0.469,1.428
2004,11,0.601,1.56
2004,12,0.357,1.316
2005,1,0.549,1.508
2005,2,0.395,1.354
2005,3,0.56,1.519
2005,4,0.605,1.564
2005,5,0.521,1.48
2005,6,0.55,1.509
2005,7,0.548,1.507
2005,8,0.541,1.5
2005,9,0.565,1.524
2005,10,0.607,1.566
2005,11,0.628,1.587
2005,12,0.472,1.431
2006,1,0.386,1.345
2006,2,0.563,1.522
2006,3,0.46,1.419
2006,4,0.406,1.365
2006,5,0.402,1.361
2006,6,0.522,1.481
2006,7,0.486,1.445
2006,8,0.531,1.49
2006,9,0.499,1.458
2006,10,0.561,1.52
2006,11,0.542,1.501
2006,12,0.698,1.657
2007,1,0.834,1.793
2007,2,0.56,1.519
2007,3,0.524,1.483
2007,4,0.579,1.538
2007,5,0.448,1.407
2007,6,0.417,1.376
2007,7,0.439,1.398
2007,8,0.44,1.399
2007,9,0.456,1.415
2007,10,0.476,1.435
2007,11,0.385,1.344
2007,12,0.347,1.306
2008,1,0.168,1.127
2008,2,0.241,1.2
2008,3,0.548,1.507
2008,4,0.329,1.288
2008,5,0.337,1.296
2008,6,0.364,1.323
2008,7,0.448,1.407
2008,8,0.431,1.39
2008,9,0.407,1.366
2008,10,0.545,1.504
2008,11,0.523,1.482
2008,12,0.386,1.345
2009,1,0.483,1.442
2009,2,0.439,1.398
2009,3,0.405,1.364
2009,4,0.514,1.473
2009,5,0.445,1.404
2009,6,0.552,1.511
2009,7,0.539,1.498
2009,8,0.592,1.551
2009,9,0.565,1.524
2009,10,0.517,1.476
2009,11,0.547,1.506
2009,12,0.476,1.435
2010,1,0.561,1.52
2010,2,0.576,1.535
2010,3,0.675,1.634
2010,4,0.68,1.639
2010,5,0.59,1.549
2010,6,0.586,1.545
2010,7,0.618,1.577
2010,8,0.542,1.501
2010,9,0.439,1.398
2010,10,0.493,1.452
2010,11,0.59,1.549
2010,12,0.34,1.299
2011,1,0.312,1.271
2011,2,0.326,1.285
2011,3,0.423,1.382
2011,4,0.479,1.438
2011,5,0.386,1.345
2011,6,0.488,1.447
2011,7,0.508,1.467
2011,8,0.488,1.447
2011,9,0.452,1.411
2011,10,0.454,1.413
2011,11,0.348,1.307
2011,12,0.4,1.359
2012,1,0.303,1.262
2012,2,0.297,1.256
2012,3,0.36,1.319
2012,4,0.573,1.532
2012,5,0.573,1.532
2012,6,0.558,1.517
2012,7,0.508,1.467
2012,8,0.537,1.496
2012,9,0.552,1.511
2012,10,0.551,1.51
2012,11,0.549,1.508
2012,12,0.272,1.231
2013,1,0.466,1.425
2013,2,0.496,1.455
2013,3,0.419,1.378
2013,4,0.449,1.408
2013,5,0.524,1.483
2013,6,0.496,1.455
2013,7,0.517,1.476
2013,8,0.542,1.501
2013,9,0.545,1.504
2013,10,0.51,1.469
2013,11,0.657,1.616
2013,12,0.53,1.489
2014,1,0.523,1.482
2014,2,0.321,1.28
2014,3,0.582,1.541
2014,4,0.665,1.624
2014,5,0.605,1.564
2014,6,0.623,1.582
2014,7,0.544,1.503
2014,8,0.675,1.634
2014,9,0.597,1.556
2014,10,0.632,1.591
2014,11,0.498,1.457
2014,12,0.651,1.61
2015,1,0.705,1.664
2015,2,0.688,1.647
2015,3,0.703,1.662
2015,4,0.667,1.626
2015,5,0.707,1.666
2015,6,0.74,1.699
2015,7,0.696,1.655
2015,8,0.738,1.697
2015,9,0.792,1.751
2015,10,0.837,1.796
2015,11,0.836,1.795
2015,12,1.024,1.983
2016,1,0.906,1.865
2016,2,1.068,2.027
2016,3,1.069,2.028
2016,4,0.915,1.874
2016,5,0.688,1.647
2016,6,0.731,1.69
2016,7,0.728,1.687
2016,8,0.77,1.729
2016,9,0.71,1.669
2016,10,0.586,1.545
2016,11,0.524,1.483